seqnames	start	end	width	strand	orig_ID	len	valid_bins	verdict	nref	nhet	nhom	ninvdup	ncomplex	HG00733	HG02818	HG03486	NA19240	misorient	CALLERSET_LIST	lowConfCount	noreadsCount	categ
chr7	5989046	6735643	746598	*	chr7-5989047-INV-746598	746.597	7194	pass	35	9	0	0	0	0|0	0|0	1|0	0|0	FALSE	SSEQAUTO,	BIONANO	0	0
chr7	33990735	34010143	19409	*	chr7-33990522-INV-19762	19.408	165	pass	43	1	0	0	0	0|0	0|0	0|0	0|0	FALSE	PAV,	SSEQAUTO	0	0
chr7	40839776	40840871	1096	*	chr7-40839738-INV-1134	1.095	10	pass	12	24	7	0	0	1|0	0|1	1|1	0|1	FALSE	PAV	30	0	inv
chr7	47614508	47615262	755	*	chr7-47614229-INV-1139	0.754	6	pass	31	8	4	0	0	0|0	0|0	0|0_lowconf	0|0	FALSE	PAV	54	2	inv
chr7	54234014	54308393	74380	*	chr7-54220528-INV-101153	74.379	713	pass	7	19	18	0	0	1|1	0|0	0|1	0|0	FALSE	PAV,	SSEQAUTO,	BIONANO	0
chr7	57641572	57838971	197400	*	chr7-57641573-INV-197400	197.399	1637	pass	35	8	1	0	0	0|0	0|0	0|0	0|0	FALSE	PAV,	SSEQAUTO,	BIONANO	0
chr7	57835188	58119653	284466	*	chr7-57835189-INV-284465	284.465	2442	pass	42	2	0	0	0	0|0	0|0	0|0	0|1	FALSE	PAV,	SSEQAUTO	0	0
chr7	60911891	61578023	666133	*	chr7-60911892-INV-666133	666.132	1972	pass	11	20	13	0	0	1|1	1|1	1|1	0|1	FALSE	SSEQAUTO	0	0	inv
chr7	62290674	62363143	72470	*	chr7-62290675-INV-72470	72.469	624	pass	17	13	12	0	2	0|0	1|1	0|0	1|0	FALSE	PAV,	SSEQAUTO	0	0
chr7	62408486	62456444	47959	*	chr7-62408487-INV-47959	47.958	414	pass	8	20	15	0	1	1|1	0|1	1|0	0|0	FALSE	SSEQAUTO	0	0	inv
chr7	63356275	63388165	31891	*	chr7-63356276-INV-31891	31.89	164	pass	16	20	8	0	0	0|0	0|0	0|1	0|0	FALSE	SSEQAUTO,	BIONANO	2	0
chr7	65219157	65531823	312667	*	chr7-65219158-INV-312667	312.666	2738	pass	24	11	9	0	0	0|0	0|0	1|0	0|0	FALSE	PAV,	SSEQAUTO,	BIONANO	0
chr7	67019303	67020338	1036	*	chr7-67019304-INV-851	1.035	9	pass	40	4	0	0	0	0|0	0|0_lowconf	0|1_lowconf	0|0	FALSE	PAV	50	0	inv
chr7	70961198	70973901	12704	*	chr7-70955928-INV-18020	12.703	127	pass	9	14	21	0	0	1|1	0|0	1|0	0|0	FALSE	PAV,	SSEQAUTO	0	0
chr7	73113989	74799029	1685041	*	chr7-73113990-INV-1685041	1685.04	13894	pass	39	5	0	0	0	1|0	0|0	0|0	0|0	FALSE	SSEQAUTO,	BIONANO	0	0
chr7	74869950	75058098	188149	*	chr7-74799031-INV-480422	188.148	917	pass	34	10	0	0	0	1|0	0|0	0|0	0|0	FALSE	PAV,	SSEQAUTO,	BIONANO	0
chr7	97445822	97459601	13780	*	chr7-97445827-INV-13775	13.779	132	pass	42	2	0	0	0	0|1	0|0	0|0	0|0	FALSE	PAV,	SSEQAUTO	0	0
chr7	107418983	107422332	3350	*	chr7-107418074-INV-5179	3.349	32	pass	0	4	32	0	7	0100	1|1	1|1	0000	FALSE	PAV,	SSEQAUTO	10	0
chr7	143716562	143750998	34437	*	chr7-143716563-INV-34437	34.436	150	pass	21	17	6	0	0	0|0	1|0	0|0	0|0	FALSE	SSEQAUTO,	BIONANO	2	0
chr7	143779394	143798726	19333	*	chr7-143779395-INV-19333	19.332	18	pass	10	21	11	0	1	0|0_lowconf	1|1_lowconf	0|0_lowconf	1|0_lowconf	FALSE	SSEQAUTO	70	2	inv
chr7	144254564	144256766	2203	*	chr7-144254565-INV-2203	2.202	16	pass	1	19	20	0	4	0202	1|0	0|1_lowconf	1|0_lowconf	FALSE	SSEQAUTO,	BIONANO	42	0
